title,date,url,hotfix_counter,ranked_or_progression_changed,matchmaking_changed,new_mode,mode_removed,mode_changes,battlepass_or_event_added,cosmetics_added,new_map_or_variation,map_changes,modifiers_or_destruction_changes,bug_fixes,servers_changed,qol_additions,optimization_changes,buffs,nerfs,weapon_gadget_spec_added,gameplay_changes,weapon_gadget_spec_removed
Store Update 9.14.0,2026-03-19,https://www.reachthefinals.com/patchnotes/9140,,,,,,,,1,,,,,,,,,,,,
Store Update 9.13.0,2026-03-12,https://www.reachthefinals.com/patchnotes/9130,,,,,,,,1,,,,,,,,,,,,
Update 9.12.0,2026-03-05,https://www.reachthefinals.com/patchnotes/9120,1,1,,,1,3,,1,,2,,8,1,1,1,,,,,
Store Update 9.11.0,2026-02-26,https://www.reachthefinals.com/patchnotes/9110,,,,,,,,1,,,,,,,,,,,,
Store Update 9.10.0,2026-02-19,https://www.reachthefinals.com/patchnotes/9100,,,,,,,,1,,,,,,,,,,,,
Update 9.9.0,2026-02-12,https://www.reachthefinals.com/patchnotes/990,1,,1,1,1,2,1,1,1,4,5,65,,2,14,3,11,,1,
Update 9.8.0,2026-02-05,https://www.reachthefinals.com/patchnotes/980,1,,,1,,,1,1,,,,1,,,,,,,,
Update 9.7.0,2026-01-29,https://www.reachthefinals.com/patchnotes/970,,,,,,2,,1,,4,1,44,,3,13,8,3,,4,
Store Update 9.6.0,2026-01-22,https://www.reachthefinals.com/patchnotes/960,,,1,,,,,1,,,,,,,,,,,,
Update 9.5.0,2026-01-15,https://www.reachthefinals.com/patchnotes/950,,,,,1,,,1,,,1,7,,,,,,,,
Update 9.4.0,2026-01-08,https://www.reachthefinals.com/patchnotes/940,,,,,,2,,1,,13,1,61,1,8,27,5,5,,5,
Store Update 9.3.0,2026-01-02,https://www.reachthefinals.com/patchnotes/930,,,,,,,,1,,,,,,,,,,,,
Update 9.2.0,2025-12-25,https://www.reachthefinals.com/patchnotes/920,,,,1,,,1,1,,,,,,,,,,,,
Update 9.1.0,2025-12-18,https://www.reachthefinals.com/patchnotes/910,1,,,,,2,,1,1,,,25,,,3,,1,,,
SEASON 9 | Dragon rising,2025-12-10,https://www.reachthefinals.com/patchnotes/900,,1,1,1,1,3,1,1,1,6,4,85,,17,16,21,13,,4,
Update 8.12.0,2025-12-04,https://www.reachthefinals.com/patchnotes/8120,,,,,,,,1,,,,,,,,,,,,
Update 8.11.0,2025-11-27,https://www.reachthefinals.com/patchnotes/8110,,,,,,,,1,,,1,,,,,,,,,
STORE Update 8.10.0,2025-11-20,https://www.reachthefinals.com/patchnotes/8100,,,,,,,,1,,,,,,,,,,,,
Update 8.9.0,2025-11-13,https://www.reachthefinals.com/patchnotes/890,,1,,1,,,1,1,,1,1,46,,12,18,,,,,
Update 8.8.0,2025-11-06,https://www.reachthefinals.com/patchnotes/880,,,,,1,1,,1,,,,2,1,,,,,,,
Update 8.7.0,2025-10-30,https://www.reachthefinals.com/patchnotes/870,,,,,,,,1,,,,1,,,,,,,,
MIDSEASON Update 8.6.0,2025-10-23,https://www.reachthefinals.com/patchnotes/860,1,,,1,,4,1,1,,7,,34,,7,11,,,,2,
Update 8.5.0,2025-10-16,https://www.reachthefinals.com/patchnotes/850,,,,,1,,,1,,,1,,,,,,,,,
Update 8.4.0,2025-10-09,https://www.reachthefinals.com/patchnotes/840,,,,,,,,1,1,,,1,,,,,,,,
Update 8.3.0,2025-10-02,https://www.reachthefinals.com/patchnotes/830,1,,,1,,1,1,1,,12,1,56,,5,9,2,3,,4,
Update 8.2.0,2025-09-25,https://www.reachthefinals.com/patchnotes/820,,,,,,,,1,,,1,,,,,,,,,
Update 8.1.0,2025-09-18,https://www.reachthefinals.com/patchnotes/810,,,,,,,,1,,,,3,,,1,,,,,
SEASON 8 | GAME TIME,2025-09-10,https://www.reachthefinals.com/patchnotes/800,1,1,1,1,2,1,1,1,,29,7,44,,19,7,8,16,2,17,1
Store Update 7.12.0,2025-09-04,https://www.reachthefinals.com/patchnotes/7120,,,,,,1,,1,,,1,,,,,,,,,
Store Update 7.11.0,2025-08-28,https://www.reachthefinals.com/patchnotes/7110,,,,,,,,1,,,,,,,,,,,,
Store Update 7.10.0,2025-08-21,https://www.reachthefinals.com/patchnotes/7100,,,,,,1,,1,,,,,,,,,,,,
Update 7.9.0,2025-08-14,https://www.reachthefinals.com/patchnotes/790,2,1,,1,,2,1,1,,3,2,40,,3,6,5,2,,,
Update 7.8.0,2025-08-07,https://www.reachthefinals.com/patchnotes/780,,,,,1,1,,1,,,,,,,,,,,,
Update 7.7.0,2025-07-31,https://www.reachthefinals.com/patchnotes/770,,,,,,,,1,,,,1,,1,,,,,,
Midseason Update 7.6.0,2025-07-24,https://www.reachthefinals.com/patchnotes/760,,,1,1,,1,1,1,1,2,1,29,1,1,6,22,4,,7,
Update 7.5.0,2025-07-17,https://www.reachthefinals.com/patchnotes/750,,,,,1,,,1,,,1,,,,,,,,,
Store Update 7.4.0,2025-07-10,https://www.reachthefinals.com/patchnotes/740,,,,,,,,1,,,,,,,,,,,,
Update 7.3.0,2025-07-03,https://www.reachthefinals.com/patchnotes/730,1,,,1,,,1,1,,2,4,45,,6,8,12,25,,2,
Update 7.2.0,2025-06-26,https://www.reachthefinals.com/patchnotes/720,,,,,,,,1,,,1,,1,,,,,,,
Update 7.1.0,2025-06-19,https://www.reachthefinals.com/patchnotes/710,,,,,,,,1,,,,9,,,1,,,,,
Welcome to Season 7,2025-06-12,https://www.reachthefinals.com/patchnotes/700,1,1,,,1,1,1,1,1,2,1,74,,18,8,7,8,3,15,
Store Update 6.11.0,2025-06-05,https://www.reachthefinals.com/patchnotes/6110,,,,,,,,1,,,,,,,,,,,,
Store Update 6.10.0,2025-05-29,https://www.reachthefinals.com/patchnotes/6100,,,,,,,,1,,,,,,,,,,,,
Update 6.9.0,2025-05-22,https://www.reachthefinals.com/patchnotes/690,,1,,1,,1,1,1,1,2,1,59,,4,6,11,1,,1,
Update 6.8.0,2025-05-15,https://www.reachthefinals.com/patchnotes/680,,,,,1,,,1,,,1,,,,,,,,,
Update 6.7.0,2025-05-08,https://www.reachthefinals.com/patchnotes/670,,,,,,,,1,,,1,2,,,,,,,,
Season 6: Massive Mid-Season!,2025-05-01,https://www.reachthefinals.com/patchnotes/660,,,1,1,,,1,1,1,5,2,80,,16,12,10,10,1,5,
Update 6.5.0,2025-04-24,https://www.reachthefinals.com/patchnotes/650,,,,,1,1,,1,,,1,,,,,,,,,
Update 6.4.0,2025-04-17,https://www.reachthefinals.com/patchnotes/640,,,,,,,,1,,,1,,,,,3,,,,
Update 6.3 - Bunny Bash is Back!,2025-04-10,https://www.reachthefinals.com/patchnotes/630,,1,,1,,,1,1,1,3,2,54,,7,16,1,1,,2,
Store Rotation 6.2,2025-04-02,https://www.reachthefinals.com/patchnotes/620,,,,,,1,,1,,,,,,,,,,,,
Update 6.1.0,2025-03-27,https://www.reachthefinals.com/patchnotes/611,,,,,,1,,1,,,,13,,,3,1,,,,
Welcome to Season 6,2025-03-20,https://www.reachthefinals.com/patchnotes/600,,1,1,1,1,5,1,1,1,3,2,61,,24,13,30,12,3,4,
Store Update 5.13.0,2025-03-12,https://www.reachthefinals.com/patchnotes/5130,,,,,,,,1,,,,,,,,,,,,
Update 5.12.0,2025-03-06,https://www.reachthefinals.com/patchnotes/5120,1,1,,,1,,,1,,3,1,21,,2,3,3,,,,
Store Update 5.11.0,2025-02-26,https://www.reachthefinals.com/patchnotes/5110,,,,,,,,1,,,,,,,,,,,,
Update 5.10.0,2025-02-19,https://www.reachthefinals.com/patchnotes/5100,,,,,,,,1,,,1,21,1,1,6,3,2,,4,1
Update 5.9.0,2025-02-12,https://www.reachthefinals.com/patchnotes/590,,,,1,,,,1,,,,,,,,2,1,,,
Mid-Season Update 5.8.0,2025-02-05,https://www.reachthefinals.com/patchnotes/580,1,,,,,3,1,1,,1,4,41,,3,12,22,11,,2,
Store Update 5.7.0,2025-01-29,https://www.reachthefinals.com/patchnotes/570,,,,,,,,1,,,,1,,,,,,,,
Update 5.6.0,2025-01-22,https://www.reachthefinals.com/patchnotes/560,1,,,,,2,,1,1,,,16,,3,5,1,,,4,
Store Update 5.5.0,2025-01-15,https://www.reachthefinals.com/patchnotes/550,,,,,,,,1,,,1,1,,,,,,,,
Update 5.4.0,2025-01-09,https://www.reachthefinals.com/patchnotes/540,,1,,,,,,1,,,1,18,,1,3,1,,,,
Update 5.3.0,2025-01-02,https://www.reachthefinals.com/patchnotes/530,,,,,1,,,1,,,,,,,,,,,,
Update 5.2.0,2024-12-26,https://www.reachthefinals.com/patchnotes/520,,1,,,,,,1,,,,2,,,,,,,,
Update 5.1.0,2024-12-18,https://www.reachthefinals.com/patchnotes/510,,,,1,,,1,1,1,,1,24,,4,3,,1,,,
SEASON 5: NEXT STAGE STARTS NOW,2024-12-12,https://www.reachthefinals.com/patchnotes/500,,1,1,,,3,1,1,1,2,1,30,,16,10,23,4,4,9,
Update 4.10.0,2024-12-04,https://www.reachthefinals.com/patchnotes/4100,,,,,,,,1,,,,,,,,,,,,
Update 4.9.0,2024-11-27,https://www.reachthefinals.com/patchnotes/490,,,,,,,,1,,,,5,,,1,2,1,,,
Update 4.8.0,2024-11-20,https://www.reachthefinals.com/patchnotes/480,,,,,,,1,1,1,,1,17,,4,3,,,,1,
Update 4.7.0,2024-11-13,https://www.reachthefinals.com/patchnotes/470,,,,,,,,1,,,,,,,,,,,,
Update 4.6.0,2024-11-06,https://www.reachthefinals.com/patchnotes/460,,,,,,,,1,1,3,,29,,3,8,2,6,,,
Update 4.5.0,2024-10-30,https://www.reachthefinals.com/patchnotes/450,,1,,,,,1,1,1,,,8,,,1,2,4,,1,
Update 4.4.0,2024-10-23,https://www.reachthefinals.com/patchnotes/440,,1,,,,1,,1,,2,1,22,,4,2,2,1,,1,
Update 4.3.0,2024-10-16,https://www.reachthefinals.com/patchnotes/430,,,,,,,,1,,,,1,,,,,,,,
Update 4.2.0,2024-10-10,https://www.reachthefinals.com/patchnotes/420,,,,,,4,1,1,,,2,27,,3,7,5,4,,7,
Update 4.1.0,2024-10-02,https://www.reachthefinals.com/patchnotes/410,,,,,,1,,1,,,,5,,,1,,,,,
Update 4.0.0,2024-09-26,https://www.reachthefinals.com/patchnotes/400,,1,1,1,1,11,1,1,1,,,29,,11,6,43,15,3,9,
Update 3.14.0,2024-09-20,https://www.reachthefinals.com/patchnotes/3140,,,,,,,1,1,,,,8,,3,2,,,,,
Update 3.13.0,2024-09-11,https://www.reachthefinals.com/patchnotes/3130,,,,,,,,1,,,,,,,,,,,,
Update 3.12.0,2024-09-04,https://www.reachthefinals.com/patchnotes/3120,,1,,,,2,,1,,,,7,,,3,,,,,
Update 3.11.0,2024-08-28,https://www.reachthefinals.com/patchnotes/3110,,,,,,,1,1,,,,,,,,,,,,
Update 3.10.0,2024-08-21,https://www.reachthefinals.com/patchnotes/3100,,1,,,,1,,1,,,,24,,2,3,1,5,,,
Update 3.9.0,2024-08-14,https://www.reachthefinals.com/patchnotes/390,,,,,,,1,1,,,,1,,1,,,,,,
Update 3.8.0,2024-08-07,https://www.reachthefinals.com/patchnotes/380,2,1,,,,2,,1,,,,18,1,2,,,,,2,
Update 3.7.0,2024-07-31,https://www.reachthefinals.com/patchnotes/370,,,,,,,,1,,,,,,,,,,,,
Update 3.6.0,2024-07-24,https://www.reachthefinals.com/patchnotes/360,,1,,,,4,,1,,,,10,,5,2,6,2,,2,
Update 3.5.0,2024-07-18,https://www.reachthefinals.com/patchnotes/350,,,,,,,1,1,,,,2,,,,,,,,
Update 3.4.0,2024-07-10,https://www.reachthefinals.com/patchnotes/340,,,,,,6,,1,,,1,15,,4,2,8,8,,10,
Update 3.3.0,2024-07-03,https://www.reachthefinals.com/patchnotes/330,,1,,,,,,1,,,,3,,3,,,,,,
Update 3.2.0,2024-06-26,https://www.reachthefinals.com/patchnotes/320,1,,1,,,,,1,,1,1,18,,1,5,,,,1,
Update 3.1.0,2024-06-19,https://www.reachthefinals.com/patchnotes/310,,,,,,1,,1,,,,1,1,,,,4,,,
Update 3.0.0 | Season 3 Launch,2024-06-13,https://www.reachthefinals.com/patchnotes/300,,1,,2,1,7,1,1,1,,,7,,16,7,32,21,5,14,
Update 2.11.0,2024-06-05,https://www.reachthefinals.com/patchnotes/2110,,,,,,,,1,,,,2,,,,,,,,
Update 2.10.0,2024-05-29,https://www.reachthefinals.com/patchnotes/2100,1,1,,,,,1,1,,,,26,,3,4,4,1,,2,
Update 2.9.0,2024-05-22,https://www.reachthefinals.com/patchnotes/290,,,,,,,,1,,,,,,,,,,,,
Update 2.8.0,2024-05-15,https://www.reachthefinals.com/patchnotes/280,,,,,,3,1,1,,1,,15,,7,13,1,,,3,
Update 2.7.0,2024-05-08,https://www.reachthefinals.com/patchnotes/270,,,,,,,,1,,,,3,1,,2,,,,,
Mid-Season Update 2.6.0,2024-05-02,https://www.reachthefinals.com/patchnotes/260,,1,1,1,,1,1,1,,2,,20,,24,16,5,6,,1,
Update 2.5.1,2024-04-24,https://www.reachthefinals.com/patchnotes/251,,,,,,,,1,,,,,1,,1,,,,,
Update 2.5.0,2024-04-17,https://www.reachthefinals.com/patchnotes/250,,,,,,,,1,,,,,,,2,2,3,,,
Update 2.4.0,2024-04-10,https://www.reachthefinals.com/patchnotes/240,,1,1,,1,,1,1,,,,23,,5,6,,,,1,
Update 2.3.0,2024-04-04,https://www.reachthefinals.com/patchnotes/230,,,,,,3,,1,,,,3,,2,,,2,,,
Update 2.2.0,2024-03-27,https://www.reachthefinals.com/patchnotes/220,,1,,1,1,2,1,1,1,2,1,26,,3,4,9,7,,5,
Update 2.1.0,2024-03-20,https://www.reachthefinals.com/patchnotes/210,,,1,,,,,1,,2,,19,,3,5,,1,,3,
Update 2.0.0 | Season 2,2024-03-14,https://www.reachthefinals.com/patchnotes/200,,1,1,1,1,1,1,1,1,,1,31,,8,11,15,18,7,11,1
Update 1.11.0,2024-03-06,https://www.reachthefinals.com/patchnotes/1110,,,,,,,,1,,,,2,,,,,,,,
Update 1.10.0,2024-02-29,https://www.reachthefinals.com/patchnotes/1100,,,,1,,,1,1,1,,,7,,1,5,,,,2,
Update 1.9.0,2024-02-21,https://www.reachthefinals.com/patchnotes/190,,,,,,,,1,,,,1,,,1,,,,,
Update 1.8.0,2024-02-14,https://www.reachthefinals.com/patchnotes/180,,,,,1,,1,1,,1,,23,,3,5,,,,4,
Update 1.7.0,2024-02-08,https://www.reachthefinals.com/patchnotes/170,,1,,,,,,1,,,1,,,3,,,,,,
Mid-Season Update 1.6.0,2024-01-31,https://www.reachthefinals.com/patchnotes/160,1,1,,1,1,,,1,,15,,21,,8,10,4,2,,4,
Update 1.5.5,2024-01-24,https://www.reachthefinals.com/patchnotes/155,,,1,,,,,,,,,1,,,,5,6,,,
Update 1.5.0,2024-01-17,https://www.reachthefinals.com/patchnotes/150,1,1,,1,,5,,1,,4,,48,1,4,3,10,10,,7,
Hotfix 1.4.1,2024-01-11,https://www.reachthefinals.com/patchnotes/141,,,,,,,,,,,,1,,4,1,,,,,
Update 1.4.0,2023-12-20,https://www.reachthefinals.com/patchnotes/140,,,,,,1,,1,,1,2,7,,4,1,5,19,,3,
Update 1.3.0,2023-12-15,https://www.reachthefinals.com/patchnotes/130,,1,,,,,,,,,,4,1,1,,,,,1,
Release Patch Notes 1.2.0,2023-12-08,https://www.reachthefinals.com/patchnotes/120,3,1,1,,,,1,1,1,3,1,11,,7,,9,14,2,18,1